,Epoch,LR,Train Loss,Val Loss,Train Acc,Val Acc,Train AUC,Val AUC,Train Prec,Val Prec,Train Recall,Val Recall
,16,0.0000,0.0024,0.0616,0.9995,0.9805,1.0000,0.9955,0.9993,0.9744,1.0000,0.9940
⭐,17,0.0000,0.0025,0.0596,0.9991,0.9866,1.0000,0.9984,0.9997,0.9860,0.9990,0.9920
,18,0.0000,0.0021,0.0630,0.9995,0.9866,1.0000,0.9984,1.0000,0.9860,0.9993,0.9920
,19,0.0000,0.0012,0.0693,0.9998,0.9853,1.0000,0.9975,0.9997,0.9860,1.0000,0.9899
,20,0.0000,0.0022,0.0847,0.9995,0.9853,1.0000,0.9964,1.0000,0.9860,0.9993,0.9899
,21,0.0000,0.0016,0.0712,0.9995,0.9841,1.0000,0.9975,1.0000,0.9859,0.9993,0.9879
,22,0.0000,0.0021,0.0729,0.9995,0.9853,1.0000,0.9975,1.0000,0.9860,0.9993,0.9899
,23,0.0000,0.0011,0.0693,1.0000,0.9866,1.0000,0.9974,1.0000,0.9860,1.0000,0.9920
,24,0.0000,0.0009,0.0690,1.0000,0.9866,1.0000,0.9974,1.0000,0.9860,1.0000,0.9920
